campaign_id,date,spend,impressions,clicks,installs
l2m_launch_kr,2024-10-01,4676.87,68926,2410,482
l2m_launch_kr,2024-10-02,6223.99,29916,8310,554
l2m_launch_kr,2024-10-03,7219.11,615929,57106,4079
l2m_launch_kr,2024-10-04,6136.02,368467,29971,1763
l2m_launch_kr,2024-10-05,1197.69,16958,1807,139
l2m_launch_kr,2024-10-06,5966.63,73780,9520,595
l2m_launch_kr,2024-10-07,3782.58,51870,1995,665
l2m_launch_kr,2024-10-08,7959.88,205542,10818,1202
l2m_launch_kr,2024-10-09,2974.83,38060,5190,346
l2m_launch_kr,2024-10-10,3765.16,78392,6692,478
l2m_launch_kr,2024-10-11,8645.33,876584,66044,6004
l2m_launch_kr,2024-10-12,3644.82,74148,6216,444
l2m_launch_kr,2024-10-13,6422.31,139334,27261,3029
l2m_launch_kr,2024-10-14,6234.37,210700,13720,980
l2m_launch_kr,2024-10-15,6009.93,55104,2624,656
l2m_launch_kr,2024-10-16,2879.45,46008,3408,284
l2m_launch_kr,2024-10-17,7963.68,78936,8970,897
l2m_launch_kr,2024-10-18,6427.56,66551,17456,1091
l2m_launch_kr,2024-10-19,5556.97,57096,12168,936
l2m_launch_kr,2024-10-20,7859.71,314678,33516,1862
l2m_launch_kr,2024-10-21,4972.69,81426,15888,993
l2m_launch_kr,2024-10-22,2857.42,103908,17318,1237
l2m_launch_kr,2024-10-23,7843.5,229292,45255,3017
l2m_launch_kr,2024-10-24,2733.24,33288,4088,292
l2m_launch_kr,2024-10-25,3293.97,71829,2082,347
l2m_launch_kr,2024-10-26,5412.38,49970,4734,526
l2m_launch_kr,2024-10-27,2811.12,50362,3380,338
l2m_launch_kr,2024-10-28,1650.6,23254,308,154
l2m_launch_kr,2024-10-29,8543.55,374256,26442,2034
l2m_launch_kr,2024-10-30,2119.77,52520,5656,404
l2m_launch_kr,2024-10-31,3744.95,21560,1540,385
l2m_launch_kr,2024-11-01,2436.64,41300,5600,350
l2m_launch_kr,2024-11-02,1380.69,30942,1528,191
l2m_launch_kr,2024-11-03,7921.09,200598,7485,1497
l2m_launch_kr,2024-11-04,1225.67,41400,1150,230
l2m_launch_kr,2024-11-05,2927,17292,786,262
l2m_launch_kr,2024-11-06,5823.99,153614,6041,863
l2m_launch_kr,2024-11-07,1690.18,36096,752,188
l2m_launch_kr,2024-11-08,7848.87,135627,1706,853
l2m_launch_kr,2024-11-09,5185.4,125450,9100,650
l2m_launch_kr,2024-11-10,1670.14,65016,1548,387
l2m_launch_kr,2024-11-11,6146.57,236640,8160,2720
l2m_launch_kr,2024-11-12,7831.86,120045,9815,755
l2m_launch_kr,2024-11-13,7255.54,749385,39650,3965
l2m_launch_kr,2024-11-14,7407.02,112665,19314,1073
l2m_launch_kr,2024-11-15,6390.57,87300,13968,1746
l2m_launch_kr,2024-11-16,7166.45,62264,11584,724
l2m_launch_kr,2024-11-17,3334.57,34965,2331,333
l2m_launch_kr,2024-11-18,3031.25,201066,5828,1457
l2m_launch_kr,2024-11-19,1466.3,33495,6930,385
l2m_launch_kr,2024-11-20,1016.59,4717,1068,89
l2m_launch_kr,2024-11-21,3327.97,58322,7230,482
l2m_launch_kr,2024-11-22,5203.83,82560,5504,688
l2m_launch_kr,2024-11-23,3014.29,98010,8712,726
l2m_launch_kr,2024-11-24,1980.59,18810,5130,285
l2m_launch_kr,2024-11-25,6223.11,375750,27054,3006
l2m_launch_kr,2024-11-26,8102.44,60207,1974,987
l2m_launch_kr,2024-11-27,5714.02,296758,34727,3157
l2m_launch_kr,2024-11-28,4183.22,151228,10802,982
l2m_launch_kr,2024-11-29,1461.75,14716,3113,283
l2m_launch_kr,2024-11-30,2627.48,73094,4540,454
l2m_launch_kr,2024-12-01,5942.13,143691,4767,681
l2m_launch_kr,2024-12-02,2103.31,23250,2250,250
l2m_launch_kr,2024-12-03,7238,839550,14475,4825
l2m_launch_kr,2024-12-04,5244.76,82620,15300,1020
l2m_launch_kr,2024-12-05,4795.07,196292,3166,1583
l2m_launch_kr,2024-12-06,1781.33,14805,1890,315
l2m_launch_kr,2024-12-07,7785.08,274456,24336,1352
l2m_launch_kr,2024-12-08,6036.8,335340,14904,3726
l2m_launch_kr,2024-12-09,1544.9,38247,732,183
l2m_launch_kr,2024-12-10,3578.28,28167,8244,687
l2m_launch_kr,2024-12-11,6003.54,96330,4560,570
l2m_launch_kr,2024-12-12,4087.24,131580,15480,1548
l2m_launch_kr,2024-12-13,6038.05,144840,11560,680
l2m_launch_kr,2024-12-14,4537.65,54656,6405,427
l2m_launch_kr,2024-12-15,2669.32,116640,4320,864
l2m_launch_kr,2024-12-16,6080.64,188256,22896,2544
l2m_launch_kr,2024-12-17,5322.88,75677,1138,569
l2m_launch_kr,2024-12-18,2694.38,89024,3328,416
l2m_launch_kr,2024-12-19,7999.75,59388,6363,707
l2m_launch_kr,2024-12-20,4567.52,48594,3276,546
l2m_launch_kr,2024-12-21,7080.88,281428,17480,1748
l2m_launch_kr,2024-12-22,7563.65,406112,26936,2072
l2m_launch_kr,2024-12-23,3790.67,37296,4368,336
l2m_launch_kr,2024-12-24,4852.48,31535,3570,595
l2m_launch_kr,2024-12-25,8541.43,52734,10340,1034
l2m_launch_kr,2024-12-26,4407,84318,6110,611
l2m_launch_kr,2024-12-27,8523.94,52360,7480,935
l2m_launch_kr,2024-12-28,7726.28,96492,10234,731
l2m_launch_kr,2024-12-29,5318.38,679581,26264,3283
l2m_launch_kr,2024-12-30,7102.59,81648,16038,1458
l2m_launch_kr,2024-12-31,2997.89,68112,688,344
l2m_launch_kr,2025-01-01,8467.58,97790,3810,1270
l2m_launch_kr,2025-01-02,3546.71,59274,5661,333
l2m_launch_kr,2025-01-03,7639.01,131790,17190,955
l2m_launch_kr,2025-01-04,5902.64,473787,28479,2589
l2m_launch_kr,2025-01-05,3096.67,52234,3157,287
l2m_launch_kr,2025-01-06,6224.59,151164,25194,1482
l2m_launch_kr,2025-01-07,7567.49,98098,2156,1078
l2m_launch_kr,2025-01-08,6865.09,292716,17127,1557
l2m_launch_kr,2025-01-09,7558.75,130650,5025,1005
l2m_launch_kr,2025-01-10,5868.55,216450,5850,1950
l2m_launch_kr,2025-01-11,4936.55,34640,3464,433
l2m_launch_kr,2025-01-12,7881.61,109952,10308,859
l2m_launch_kr,2025-01-13,7363.57,78897,24752,1547
l2m_launch_kr,2025-01-14,1251.47,55380,3380,260
l2m_launch_kr,2025-01-15,7784.59,61520,21532,1538
l2m_launch_kr,2025-01-16,5811.1,90640,4120,824
l2m_launch_kr,2025-01-17,6005.57,253635,10968,1371
l2m_launch_kr,2025-01-18,7079.32,148824,1378,689
l2m_launch_kr,2025-01-19,2421.4,17204,3366,374
l2m_launch_kr,2025-01-20,7300.11,110109,1734,867
l2m_launch_kr,2025-01-21,8740.55,81660,6805,1361
l2m_launch_kr,2025-01-22,8528.01,54326,7086,1181
l2m_launch_kr,2025-01-23,3266.12,45630,1755,585
l2m_launch_kr,2025-01-24,3053.73,65936,5072,317
l2m_launch_kr,2025-01-25,2399.87,27528,2480,248
l2m_launch_kr,2025-01-26,3050.56,13950,1395,279
l2m_launch_kr,2025-01-27,5057.36,45147,4917,447
l2m_launch_kr,2025-01-28,5750.6,74839,14521,1117
l2m_launch_kr,2025-01-29,5417.13,146544,28968,1704
l2m_launch_kr,2025-01-30,8067.06,158760,13230,735
l2m_retarget_us,2024-10-01,5917.66,56289,7764,647
l2m_retarget_us,2024-10-02,1277.58,30282,1911,147
l2m_retarget_us,2024-10-03,4778.36,170015,11028,919
l2m_retarget_us,2024-10-04,4040.59,69122,11628,646
l2m_retarget_us,2024-10-05,1981.06,53128,5496,458
l2m_retarget_us,2024-10-06,1920.5,32760,2520,630
l2m_retarget_us,2024-10-07,1325.33,87100,8450,650
l2m_retarget_us,2024-10-08,5616.92,116960,2752,688
l2m_retarget_us,2024-10-09,2434.59,53418,3377,307
l2m_retarget_us,2024-10-10,1963.49,33410,8224,514
l2m_retarget_us,2024-10-11,2090.58,50869,903,301
l2m_retarget_us,2024-10-12,2003.01,33912,3297,471
l2m_retarget_us,2024-10-13,2684.64,137025,7560,945
l2m_retarget_us,2024-10-14,5269.72,206912,3904,976
l2m_retarget_us,2024-10-15,3231.66,72268,1624,406
l2m_retarget_us,2024-10-16,3776.37,88257,1209,403
l2m_retarget_us,2024-10-17,3747.68,97000,3880,776
l2m_retarget_us,2024-10-18,3320.09,21476,4130,413
l2m_retarget_us,2024-10-19,5523.1,86632,4420,884
l2m_retarget_us,2024-10-20,863.4,3640,182,91
l2m_retarget_us,2024-10-21,2316.01,30914,1131,377
l2m_retarget_us,2024-10-22,4646.95,68032,15945,1063
l2m_retarget_us,2024-10-23,5849.27,69399,9113,701
l2m_retarget_us,2024-10-24,5417.17,105488,10410,694
l2m_retarget_us,2024-10-25,3876.4,25792,3627,403
l2m_retarget_us,2024-10-26,4920.54,77904,8656,541
l2m_retarget_us,2024-10-27,4490.98,57625,7376,461
l2m_retarget_us,2024-10-28,1822.7,54502,2290,458
l2m_retarget_us,2024-10-29,2718.61,71258,3608,451
l2m_retarget_us,2024-10-30,4102.7,86112,1794,598
l2m_retarget_us,2024-10-31,1759.46,14448,2064,258
l2m_retarget_us,2024-11-01,5096.1,103039,1851,617
l2m_retarget_us,2024-11-02,3889.79,80185,1106,553
l2m_retarget_us,2024-11-03,917.27,13806,1888,118
l2m_retarget_us,2024-11-04,973.96,30176,1148,164
l2m_retarget_us,2024-11-05,1133.29,26565,2093,161
l2m_retarget_us,2024-11-06,4029.09,22542,1326,442
l2m_retarget_us,2024-11-07,2897.73,47029,2513,359
l2m_retarget_us,2024-11-08,1470.28,33633,1665,333
l2m_retarget_us,2024-11-09,4391.17,100285,3882,647
l2m_retarget_us,2024-11-10,4461.95,123760,8320,1040
l2m_retarget_us,2024-11-11,2362.39,78373,7361,433
l2m_retarget_us,2024-11-12,3977.89,64855,2975,595
l2m_retarget_us,2024-11-13,3200.91,47844,1772,443
l2m_retarget_us,2024-11-14,3569.26,82096,10262,733
l2m_retarget_us,2024-11-15,3055.02,33176,5104,638
l2m_retarget_us,2024-11-16,2864.01,132440,13760,860
l2m_retarget_us,2024-11-17,1993.51,218596,11816,1477
l2m_retarget_us,2024-11-18,2449.73,350295,9075,1815
l2m_retarget_us,2024-11-19,3853.58,231150,12328,1541
l2m_retarget_us,2024-11-20,4628.52,138516,2142,714
l2m_retarget_us,2024-11-21,5411.97,436009,6573,2191
l2m_retarget_us,2024-11-22,5685.67,66066,2730,546
l2m_retarget_us,2024-11-23,2375.1,42735,1155,231
l2m_retarget_us,2024-11-24,1435.74,20838,2718,453
l2m_retarget_us,2024-11-25,4931.92,205998,19877,1807
l2m_retarget_us,2024-11-26,3308.68,129860,9060,755
l2m_retarget_us,2024-11-27,4008.6,84709,4002,667
l2m_retarget_us,2024-11-28,5665.7,224263,17251,1327
l2m_retarget_us,2024-11-29,3985.55,133814,14545,2909
l2m_retarget_us,2024-11-30,2574.45,33284,2198,314
l2m_retarget_us,2024-12-01,3101.81,85744,7456,466
l2m_retarget_us,2024-12-02,1173.12,9222,2385,159
l2m_retarget_us,2024-12-03,2846.05,28809,1746,291
l2m_retarget_us,2024-12-04,5588.89,50484,14424,1202
l2m_retarget_us,2024-12-05,4351.36,65232,6644,604
l2m_retarget_us,2024-12-06,5481.49,91464,7416,618
l2m_retarget_us,2024-12-07,2231.43,33660,1530,255
l2m_retarget_us,2024-12-08,3185.11,146889,3436,859
l2m_retarget_us,2024-12-09,5245.27,145803,9170,917
l2m_retarget_us,2024-12-10,4553.34,45024,4288,536
l2m_retarget_us,2024-12-11,1547.31,211470,15582,1113
l2m_retarget_us,2024-12-12,3974.79,72704,7168,512
l2m_retarget_us,2024-12-13,1444.05,25021,764,191
l2m_retarget_us,2024-12-14,1908.22,116449,19642,1403
l2m_retarget_us,2024-12-15,4463.71,34866,8046,447
l2m_retarget_us,2024-12-16,5949.54,151680,17280,960
l2m_retarget_us,2024-12-17,1213.32,14652,1716,132
l2m_retarget_us,2024-12-18,3017.78,72912,3472,434
l2m_retarget_us,2024-12-19,3815.61,499905,9660,2415
l2m_retarget_us,2024-12-20,1280.79,140740,9988,908
l2m_retarget_us,2024-12-21,5214.84,183080,10945,995
l2m_retarget_us,2024-12-22,4123.13,20726,964,482
l2m_retarget_us,2024-12-23,1402.06,14940,2988,166
l2m_retarget_us,2024-12-24,3906.49,18765,3753,417
l2m_retarget_us,2024-12-25,2750.61,35939,1299,433
l2m_retarget_us,2024-12-26,1625.04,11952,1328,166
l2m_retarget_us,2024-12-27,1594.83,41968,2440,244
l2m_retarget_us,2024-12-28,4608.72,188423,2679,893
l2m_retarget_us,2024-12-29,2633.65,23520,3360,420
l2m_retarget_us,2024-12-30,1685.71,26960,2359,337
l2m_retarget_us,2024-12-31,2254.13,52716,9168,764
l2m_retarget_us,2025-01-01,1661.77,172019,12493,961
l2m_retarget_us,2025-01-02,4459.43,173600,13020,1085
l2m_retarget_us,2025-01-03,3468.13,35625,2250,375
l2m_retarget_us,2025-01-04,5688.67,127440,10620,885
l2m_retarget_us,2025-01-05,3430.38,63327,1254,627
l2m_retarget_us,2025-01-06,4685.92,34996,9422,673
l2m_retarget_us,2025-01-07,1786.08,15704,5436,302
l2m_retarget_us,2025-01-08,1408.72,174048,9324,1036
l2m_retarget_us,2025-01-09,3254.79,86136,7566,582
l2m_retarget_us,2025-01-10,703.96,28755,405,135
l2m_retarget_us,2025-01-11,5900.89,217924,9632,1204
l2m_retarget_us,2025-01-12,1804.37,29315,3690,205
l2m_retarget_us,2025-01-13,1595.92,149301,16902,939
l2m_retarget_us,2025-01-14,3605.85,283946,31356,1742
l2m_retarget_us,2025-01-15,3747.4,110716,4976,622
l2m_retarget_us,2025-01-16,1813.78,31000,2800,200
l2m_retarget_us,2025-01-17,3527.79,259925,7025,1405
l2m_retarget_us,2025-01-18,3019.84,203416,8656,1082
l2m_retarget_us,2025-01-19,4022.39,129130,9074,698
l2m_retarget_us,2025-01-20,3246.36,103332,5214,474
l2m_retarget_us,2025-01-21,5899.47,139320,6450,645
l2m_retarget_us,2025-01-22,4687.41,125488,14168,1012
l2m_retarget_us,2025-01-23,2326.42,45315,3420,285
l2m_retarget_us,2025-01-24,2886.89,68136,18036,1002
l2m_retarget_us,2025-01-25,2949.73,77608,1744,436
l2m_retarget_us,2025-01-26,3983.42,65127,6385,1277
l2m_retarget_us,2025-01-27,5075.56,167827,2774,1387
l2m_retarget_us,2025-01-28,3382.87,68265,3330,333
l2m_retarget_us,2025-01-29,1271.71,147680,2130,710
l2m_retarget_us,2025-01-30,5928.74,86895,5793,1931
l2m_broad_sea,2024-10-01,6227.06,61612,4220,844
l2m_broad_sea,2024-10-02,6502.36,117961,8567,659
l2m_broad_sea,2024-10-03,6117.56,113025,5480,685
l2m_broad_sea,2024-10-04,945.96,24790,1206,134
l2m_broad_sea,2024-10-05,4578.71,50525,16125,1075
l2m_broad_sea,2024-10-06,1296.67,20160,3456,288
l2m_broad_sea,2024-10-07,2906.26,76677,838,419
l2m_broad_sea,2024-10-08,1383.89,19488,1008,168
l2m_broad_sea,2024-10-09,3423.18,50005,4015,365
l2m_broad_sea,2024-10-10,2367.74,35763,1365,273
l2m_broad_sea,2024-10-11,3840.46,155551,29535,1969
l2m_broad_sea,2024-10-12,2133.76,74175,2415,345
l2m_broad_sea,2024-10-13,2303.75,107856,6552,504
l2m_broad_sea,2024-10-14,5150.77,224485,10564,2641
l2m_broad_sea,2024-10-15,2356.9,52316,1804,451
l2m_broad_sea,2024-10-16,5198.32,64206,4176,522
l2m_broad_sea,2024-10-17,917,30358,3883,353
l2m_broad_sea,2024-10-18,3412.21,77418,3366,1122
l2m_broad_sea,2024-10-19,6490.14,115911,13122,729
l2m_broad_sea,2024-10-20,5513.34,94545,3438,573
l2m_broad_sea,2024-10-21,6630.48,292250,20040,1670
l2m_broad_sea,2024-10-22,5626.85,41600,5600,800
l2m_broad_sea,2024-10-23,2956.98,223880,10440,1160
l2m_broad_sea,2024-10-24,6900.14,321818,7112,1778
l2m_broad_sea,2024-10-25,5914.6,63911,1618,809
l2m_broad_sea,2024-10-26,5937.49,86332,13752,764
l2m_broad_sea,2024-10-27,6778.1,273854,20192,1262
l2m_broad_sea,2024-10-28,3033.88,42406,2796,466
l2m_broad_sea,2024-10-29,968.54,10560,1650,110
l2m_broad_sea,2024-10-30,1227.06,36464,3096,172
l2m_broad_sea,2024-10-31,3186.15,90390,6210,690
l2m_broad_sea,2024-11-01,6642.61,421124,36032,2252
l2m_broad_sea,2024-11-02,5973.35,78359,3702,617
l2m_broad_sea,2024-11-03,3778.84,302727,25764,2147
l2m_broad_sea,2024-11-04,3913.1,351234,43134,3081
l2m_broad_sea,2024-11-05,5028.71,303780,6640,1660
l2m_broad_sea,2024-11-06,1446.72,93600,9600,600
l2m_broad_sea,2024-11-07,1131.54,18980,292,146
l2m_broad_sea,2024-11-08,5819.48,83576,9436,674
l2m_broad_sea,2024-11-09,1516.45,69540,6840,570
l2m_broad_sea,2024-11-10,5398.17,45962,10290,686
l2m_broad_sea,2024-11-11,3889.86,148720,42900,2860
l2m_broad_sea,2024-11-12,5542.58,280608,7104,1776
l2m_broad_sea,2024-11-13,1733.23,33760,1899,211
l2m_broad_sea,2024-11-14,4647.68,201144,13872,1156
l2m_broad_sea,2024-11-15,3845.83,91134,9333,549
l2m_broad_sea,2024-11-16,5708.19,128760,8584,2146
l2m_broad_sea,2024-11-17,5793.29,48096,4676,668
l2m_broad_sea,2024-11-18,6583.83,90321,13662,759
l2m_broad_sea,2024-11-19,2737.17,54285,11985,705
l2m_broad_sea,2024-11-20,2427.74,59630,6675,445
l2m_broad_sea,2024-11-21,6020.47,79420,5016,836
l2m_broad_sea,2024-11-22,2514.72,105640,12510,695
l2m_broad_sea,2024-11-23,2108.26,49368,816,408
l2m_broad_sea,2024-11-24,1140.43,10956,1980,132
l2m_broad_sea,2024-11-25,2088.65,60386,7756,554
l2m_broad_sea,2024-11-26,6142.86,227430,19152,1197
l2m_broad_sea,2024-11-27,4639.29,141752,4524,754
l2m_broad_sea,2024-11-28,6571.62,74849,12615,841
l2m_broad_sea,2024-11-29,3046,103194,7938,567
l2m_broad_sea,2024-11-30,3749.66,55055,6160,385
l2m_broad_sea,2024-12-01,3027.02,344728,33632,2102
l2m_broad_sea,2024-12-02,5688.09,168964,8767,797
l2m_broad_sea,2024-12-03,4987.18,116762,10346,739
l2m_broad_sea,2024-12-04,4228.81,91760,8432,496
l2m_broad_sea,2024-12-05,4692.12,81006,8218,587
l2m_broad_sea,2024-12-06,3090.53,204544,10880,1088
l2m_broad_sea,2024-12-07,1388.17,33813,2890,289
l2m_broad_sea,2024-12-08,6241.49,125771,7270,727
l2m_broad_sea,2024-12-09,6360.25,165186,3192,798
l2m_broad_sea,2024-12-10,4406.03,70675,8995,1285
l2m_broad_sea,2024-12-11,1581.66,31248,336,168
l2m_broad_sea,2024-12-12,5223.31,105555,7491,681
l2m_broad_sea,2024-12-13,1324.56,21080,680,136
l2m_broad_sea,2024-12-14,5147,74304,3456,576
l2m_broad_sea,2024-12-15,1860.79,19803,4018,287
l2m_broad_sea,2024-12-16,3452.28,67728,3264,408
l2m_broad_sea,2024-12-17,4662.62,120669,9367,551
l2m_broad_sea,2024-12-18,5420.43,259469,38535,2569
l2m_broad_sea,2024-12-19,6922,243908,12364,1124
l2m_broad_sea,2024-12-20,837.27,99620,4688,586
l2m_broad_sea,2024-12-21,6547.9,123880,3912,1304
l2m_broad_sea,2024-12-22,3965.83,26845,3717,413
l2m_broad_sea,2024-12-23,1889.74,56485,18486,1027
l2m_broad_sea,2024-12-24,4423.04,188870,15150,1010
l2m_broad_sea,2024-12-25,1324.42,32136,3502,206
l2m_broad_sea,2024-12-26,3959.12,95616,1992,498
l2m_broad_sea,2024-12-27,6759.35,121634,1994,997
l2m_broad_sea,2024-12-28,2607.53,28012,3874,298
l2m_broad_sea,2024-12-29,6933.09,199280,7420,1060
l2m_broad_sea,2024-12-30,4744.69,249876,20192,1262
l2m_broad_sea,2024-12-31,6681.14,148950,8937,993
l2m_broad_sea,2025-01-01,2738.79,80568,4476,373
l2m_broad_sea,2025-01-02,4732.92,224208,11418,1038
l2m_broad_sea,2025-01-03,3080.7,34190,4734,526
l2m_broad_sea,2025-01-04,6167.85,138448,32576,2036
l2m_broad_sea,2025-01-05,3708.02,313326,24102,1854
l2m_broad_sea,2025-01-06,6642.3,294584,3202,1601
l2m_broad_sea,2025-01-07,5621.22,258897,19632,1227
l2m_broad_sea,2025-01-08,3667.21,112412,10740,716
l2m_broad_sea,2025-01-09,1146.25,16878,2436,174
l2m_broad_sea,2025-01-10,2599.44,59148,4185,279
l2m_broad_sea,2025-01-11,5418.94,528462,23562,3366
l2m_broad_sea,2025-01-12,3734.98,246012,16302,1482
l2m_broad_sea,2025-01-13,3498.34,80196,2445,489
l2m_broad_sea,2025-01-14,2962.01,66065,4015,365
l2m_broad_sea,2025-01-15,6967.12,109810,1580,790
l2m_broad_sea,2025-01-16,3464.99,66033,12441,957
l2m_broad_sea,2025-01-17,6899.48,251090,21420,1190
l2m_broad_sea,2025-01-18,6497.73,230100,22100,1300
l2m_broad_sea,2025-01-19,4070.66,116545,10758,1793
l2m_broad_sea,2025-01-20,4363.82,79254,1554,518
l2m_broad_sea,2025-01-21,4929.62,155136,4608,768
l2m_broad_sea,2025-01-22,4756.3,116160,10285,605
l2m_broad_sea,2025-01-23,2475.38,47601,3690,369
l2m_broad_sea,2025-01-24,6246.67,44037,4893,699
l2m_broad_sea,2025-01-25,1690.63,16892,3296,412
l2m_broad_sea,2025-01-26,2273.51,95676,5712,476
l2m_broad_sea,2025-01-27,5467.25,185178,17636,4409
l2m_broad_sea,2025-01-28,4873.41,70058,22845,1523
l2m_broad_sea,2025-01-29,3764.86,89640,19422,1494
l2m_broad_sea,2025-01-30,1116.96,28938,3710,371
l2m_lookalike_jp,2024-10-01,3121.68,96202,3736,467
l2m_lookalike_jp,2024-10-02,2752.79,38760,7344,408
l2m_lookalike_jp,2024-10-03,2403.82,36960,6336,352
l2m_lookalike_jp,2024-10-04,6213.25,252170,23380,1670
l2m_lookalike_jp,2024-10-05,6862.85,306592,18304,2288
l2m_lookalike_jp,2024-10-06,5742.43,47466,1758,586
l2m_lookalike_jp,2024-10-07,5398.69,340065,14427,2061
l2m_lookalike_jp,2024-10-08,6444.87,178160,34060,2620
l2m_lookalike_jp,2024-10-09,2672.56,76866,2228,1114
l2m_lookalike_jp,2024-10-10,1379.47,30644,1956,163
l2m_lookalike_jp,2024-10-11,6809.97,124320,1554,777
l2m_lookalike_jp,2024-10-12,1809.76,90037,7042,503
l2m_lookalike_jp,2024-10-13,2812.73,203750,5000,1250
l2m_lookalike_jp,2024-10-14,5394.94,90968,1644,548
l2m_lookalike_jp,2024-10-15,2152.12,75999,8272,517
l2m_lookalike_jp,2024-10-16,2549.54,18050,2527,361
l2m_lookalike_jp,2024-10-17,2754.75,43061,4335,289
l2m_lookalike_jp,2024-10-18,1640.1,48360,5070,390
l2m_lookalike_jp,2024-10-19,5037.62,187726,10494,1166
l2m_lookalike_jp,2024-10-20,1191.11,36432,2944,368
l2m_lookalike_jp,2024-10-21,6814.65,213192,3402,1134
l2m_lookalike_jp,2024-10-22,4180.57,347616,27264,2272
l2m_lookalike_jp,2024-10-23,3736.03,464002,6026,3013
l2m_lookalike_jp,2024-10-24,5529.64,314104,22120,2212
l2m_lookalike_jp,2024-10-25,4292.87,141459,9276,773
l2m_lookalike_jp,2024-10-26,4952.25,66048,4644,516
l2m_lookalike_jp,2024-10-27,6698.5,148256,4520,904
l2m_lookalike_jp,2024-10-28,1031.27,9020,770,110
l2m_lookalike_jp,2024-10-29,1205.23,15768,1944,216
l2m_lookalike_jp,2024-10-30,5651.75,277327,25404,2117
l2m_lookalike_jp,2024-10-31,2570.89,25252,6848,428
l2m_lookalike_jp,2024-11-01,3024.48,85248,10656,1332
l2m_lookalike_jp,2024-11-02,1701.19,28143,531,177
l2m_lookalike_jp,2024-11-03,1292.9,65913,7785,519
l2m_lookalike_jp,2024-11-04,4397.33,36540,7560,630
l2m_lookalike_jp,2024-11-05,945.56,13439,302,151
l2m_lookalike_jp,2024-11-06,1169.46,37245,390,195
l2m_lookalike_jp,2024-11-07,3505.69,31668,9828,546
l2m_lookalike_jp,2024-11-08,3558.54,55878,2814,402
l2m_lookalike_jp,2024-11-09,4273.5,94830,5220,435
l2m_lookalike_jp,2024-11-10,4712.1,39609,2445,489
l2m_lookalike_jp,2024-11-11,1697.64,20250,4860,405
l2m_lookalike_jp,2024-11-12,1046.5,35256,6102,339
l2m_lookalike_jp,2024-11-13,3318.53,164492,14042,1003
l2m_lookalike_jp,2024-11-14,6581.49,134435,5845,1169
l2m_lookalike_jp,2024-11-15,3103.41,105490,10549,1507
l2m_lookalike_jp,2024-11-16,2348.4,68880,1968,492
l2m_lookalike_jp,2024-11-17,1787.81,48832,448,224
l2m_lookalike_jp,2024-11-18,2081.46,54936,2016,252
l2m_lookalike_jp,2024-11-19,2680.06,80160,3507,501
l2m_lookalike_jp,2024-11-20,5148.02,106106,5936,742
l2m_lookalike_jp,2024-11-21,2543.34,54390,3822,294
l2m_lookalike_jp,2024-11-22,6633.05,324316,5466,1822
l2m_lookalike_jp,2024-11-23,6602.48,97152,7040,1408
l2m_lookalike_jp,2024-11-24,3280.16,157000,16000,1000
l2m_lookalike_jp,2024-11-25,5688.61,191646,36504,3042
l2m_lookalike_jp,2024-11-26,1524.95,71958,6444,537
l2m_lookalike_jp,2024-11-27,5035.37,160398,16884,1407
l2m_lookalike_jp,2024-11-28,2473.5,78208,6240,416
l2m_lookalike_jp,2024-11-29,4948.81,87108,9516,732
l2m_lookalike_jp,2024-11-30,3300.38,352100,10060,2012
l2m_lookalike_jp,2024-12-01,2265.96,40630,3824,239
l2m_lookalike_jp,2024-12-02,4931.31,146163,7044,1761
l2m_lookalike_jp,2024-12-03,2617.59,81508,3444,1148
l2m_lookalike_jp,2024-12-04,2635.15,17576,6084,338
l2m_lookalike_jp,2024-12-05,4883.36,270600,23100,1650
l2m_lookalike_jp,2024-12-06,2707.13,36295,1830,305
l2m_lookalike_jp,2024-12-07,5188.58,84210,7218,802
l2m_lookalike_jp,2024-12-08,5814.36,56682,10854,603
l2m_lookalike_jp,2024-12-09,1027.91,19764,366,122
l2m_lookalike_jp,2024-12-10,4919.74,72324,1176,588
l2m_lookalike_jp,2024-12-11,1552.89,11550,2310,165
l2m_lookalike_jp,2024-12-12,5179.89,264328,46436,3572
l2m_lookalike_jp,2024-12-13,2872.69,81606,1624,406
l2m_lookalike_jp,2024-12-14,2528.25,34185,1855,265
l2m_lookalike_jp,2024-12-15,1119.08,24476,348,116
l2m_lookalike_jp,2024-12-16,5862.1,195900,7836,1306
l2m_lookalike_jp,2024-12-17,4155.93,250755,2290,1145
l2m_lookalike_jp,2024-12-18,1525.78,23944,2044,292
l2m_lookalike_jp,2024-12-19,3436.64,39387,4146,691
l2m_lookalike_jp,2024-12-20,1265.78,24050,3145,185
l2m_lookalike_jp,2024-12-21,5460.79,210231,16779,987
l2m_lookalike_jp,2024-12-22,2999.16,34944,2730,546
l2m_lookalike_jp,2024-12-23,1600.07,35156,2632,188
l2m_lookalike_jp,2024-12-24,6556.69,331413,28976,1811
l2m_lookalike_jp,2024-12-25,4631.89,37741,12045,803
l2m_lookalike_jp,2024-12-26,3991.84,111000,1500,750
l2m_lookalike_jp,2024-12-27,2749.94,15794,2384,298
l2m_lookalike_jp,2024-12-28,3846.94,89324,7124,548
l2m_lookalike_jp,2024-12-29,3810.62,131122,18555,1237
l2m_lookalike_jp,2024-12-30,1842.4,21150,1645,235
l2m_lookalike_jp,2024-12-31,2063.69,18840,2512,314
l2m_lookalike_jp,2025-01-01,2119.9,19928,2968,212
l2m_lookalike_jp,2025-01-02,6113.03,113044,17244,958
l2m_lookalike_jp,2025-01-03,5131.15,64935,8880,555
l2m_lookalike_jp,2025-01-04,3691.13,125312,15664,979
l2m_lookalike_jp,2025-01-05,1749.04,14193,4482,249
l2m_lookalike_jp,2025-01-06,6923.81,241020,21424,1339
l2m_lookalike_jp,2025-01-07,6478.94,205114,18032,1127
l2m_lookalike_jp,2025-01-08,824.77,34441,3410,341
l2m_lookalike_jp,2025-01-09,2190.03,120242,17323,1019
l2m_lookalike_jp,2025-01-10,988.6,25721,2312,289
l2m_lookalike_jp,2025-01-11,3137.19,27280,7920,440
l2m_lookalike_jp,2025-01-12,4665.8,121699,16722,929
l2m_lookalike_jp,2025-01-13,5713.13,100045,12155,935
l2m_lookalike_jp,2025-01-14,6678.83,108275,7625,1525
l2m_lookalike_jp,2025-01-15,1557.22,26352,3024,216
l2m_lookalike_jp,2025-01-16,5595.95,132912,7488,624
l2m_lookalike_jp,2025-01-17,6362.3,214200,20475,1575
l2m_lookalike_jp,2025-01-18,4023.29,69299,1587,529
l2m_lookalike_jp,2025-01-19,3048.23,41340,8480,530
l2m_lookalike_jp,2025-01-20,6176.19,85608,2952,738
l2m_lookalike_jp,2025-01-21,1168.93,84680,7592,584
l2m_lookalike_jp,2025-01-22,5099.11,458601,19242,3207
l2m_lookalike_jp,2025-01-23,1145.03,33345,4275,285
l2m_lookalike_jp,2025-01-24,1631.5,106113,7987,1141
l2m_lookalike_jp,2025-01-25,4532.92,247808,21120,1408
l2m_lookalike_jp,2025-01-26,2100.12,38704,5192,472
l2m_lookalike_jp,2025-01-27,2579.72,99592,944,472
l2m_lookalike_jp,2025-01-28,2003.45,74500,3000,500
l2m_lookalike_jp,2025-01-29,3146.76,82560,2400,480
l2m_lookalike_jp,2025-01-30,4260.02,79515,10044,837
l2m_video_tw,2024-10-01,3974.24,92781,3549,507
l2m_video_tw,2024-10-02,3988.82,226192,15008,1072
l2m_video_tw,2024-10-03,6627.89,309225,31806,1767
l2m_video_tw,2024-10-04,2609.11,84474,8664,1083
l2m_video_tw,2024-10-05,6871.34,373680,20760,2076
l2m_video_tw,2024-10-06,1365.45,34604,1312,164
l2m_video_tw,2024-10-07,5226.62,57974,9898,707
l2m_video_tw,2024-10-08,5416.73,538504,55148,3244
l2m_video_tw,2024-10-09,1076.27,23200,348,116
l2m_video_tw,2024-10-10,6028.15,48806,2122,1061
l2m_video_tw,2024-10-11,5974.77,85527,2924,731
l2m_video_tw,2024-10-12,3393.13,83334,1938,646
l2m_video_tw,2024-10-13,3998.76,256304,21248,1328
l2m_video_tw,2024-10-14,5563.75,132132,12705,847
l2m_video_tw,2024-10-15,1341.82,26040,2184,168
l2m_video_tw,2024-10-16,4583.73,31152,3776,472
l2m_video_tw,2024-10-17,6968.98,119250,6000,750
l2m_video_tw,2024-10-18,4157.35,197344,7048,1762
l2m_video_tw,2024-10-19,5968.6,141196,44926,3209
l2m_video_tw,2024-10-20,2802.34,56160,1728,288
l2m_video_tw,2024-10-21,2469.94,19390,1662,277
l2m_video_tw,2024-10-22,4469,100323,3297,471
l2m_video_tw,2024-10-23,5582.86,130350,15405,1185
l2m_video_tw,2024-10-24,2408.05,149760,4608,1152
l2m_video_tw,2024-10-25,6669.07,36500,5110,730
l2m_video_tw,2024-10-26,1898.81,25286,4842,269
l2m_video_tw,2024-10-27,3545.72,157262,8365,1673
l2m_video_tw,2024-10-28,2649.38,102357,4683,669
l2m_video_tw,2024-10-29,4036.78,157325,17360,1085
l2m_video_tw,2024-10-30,1183.2,22932,2352,147
l2m_video_tw,2024-10-31,1989.55,63656,2920,292
l2m_video_tw,2024-11-01,6917.11,153467,25886,1849
l2m_video_tw,2024-11-02,2235.97,25256,5576,328
l2m_video_tw,2024-11-03,3151.22,51000,4250,425
l2m_video_tw,2024-11-04,2479.36,23782,2530,506
l2m_video_tw,2024-11-05,5401.34,126553,22554,1253
l2m_video_tw,2024-11-06,5358.91,208160,18214,1301
l2m_video_tw,2024-11-07,3429.85,475376,5402,2701
l2m_video_tw,2024-11-08,6888.65,481896,15714,2619
l2m_video_tw,2024-11-09,2956.59,262605,15785,1435
l2m_video_tw,2024-11-10,3633.7,107328,10062,559
l2m_video_tw,2024-11-11,869.59,26586,1890,126
l2m_video_tw,2024-11-12,1533.37,198316,5765,1153
l2m_video_tw,2024-11-13,6982.82,184604,6940,1388
l2m_video_tw,2024-11-14,4166.53,69639,1251,417
l2m_video_tw,2024-11-15,6599.19,90668,21474,1193
l2m_video_tw,2024-11-16,3048.26,55800,4185,465
l2m_video_tw,2024-11-17,1766.6,81672,2490,498
l2m_video_tw,2024-11-18,1605.72,59850,10080,630
l2m_video_tw,2024-11-19,5411.23,233072,20810,2081
l2m_video_tw,2024-11-20,1038,48190,7110,395
l2m_video_tw,2024-11-21,1820.45,100392,8544,534
l2m_video_tw,2024-11-22,1420.9,92496,3948,564
l2m_video_tw,2024-11-23,5651.47,156152,9536,1192
l2m_video_tw,2024-11-24,1465.76,37026,2805,187
l2m_video_tw,2024-11-25,2182.17,34701,3228,269
l2m_video_tw,2024-11-26,4025.47,126477,8554,611
l2m_video_tw,2024-11-27,1533.45,91876,4014,446
l2m_video_tw,2024-11-28,1729.48,50200,4016,251
l2m_video_tw,2024-11-29,3789.57,125828,19708,1516
l2m_video_tw,2024-11-30,4493.68,33726,9198,511
l2m_video_tw,2024-12-01,5253.08,43774,7126,1018
l2m_video_tw,2024-12-02,4490.32,86372,5720,572
l2m_video_tw,2024-12-03,3386.21,88464,1368,456
l2m_video_tw,2024-12-04,2771.06,147152,6492,1082
l2m_video_tw,2024-12-05,1175.71,44290,3440,215
l2m_video_tw,2024-12-06,3652.89,94458,6552,546
l2m_video_tw,2024-12-07,5938.61,121910,7300,730
l2m_video_tw,2024-12-08,2191.29,67284,756,378
l2m_video_tw,2024-12-09,987.38,13390,721,103
l2m_video_tw,2024-12-10,2614.56,57886,2810,281
l2m_video_tw,2024-12-11,5803.87,58351,8901,989
l2m_video_tw,2024-12-12,3573.18,113022,5980,598
l2m_video_tw,2024-12-13,6237.08,36244,2091,697
l2m_video_tw,2024-12-14,6996.93,44712,14580,972
l2m_video_tw,2024-12-15,5323.69,121746,8652,618
l2m_video_tw,2024-12-16,2194.56,75020,4356,484
l2m_video_tw,2024-12-17,4672.2,118197,1142,571
l2m_video_tw,2024-12-18,5994.37,83688,3804,634
l2m_video_tw,2024-12-19,4832.96,134504,4692,782
l2m_video_tw,2024-12-20,5852.7,95211,6390,639
l2m_video_tw,2024-12-21,2919.56,72705,7074,393
l2m_video_tw,2024-12-22,2780.53,39360,2952,328
l2m_video_tw,2024-12-23,2228.91,85104,3546,394
l2m_video_tw,2024-12-24,3950.59,73530,3990,570
l2m_video_tw,2024-12-25,5735.7,79608,7440,744
l2m_video_tw,2024-12-26,1179.8,25004,1128,188
l2m_video_tw,2024-12-27,4841.95,66048,3584,512
l2m_video_tw,2024-12-28,4923.61,105092,17108,1222
l2m_video_tw,2024-12-29,3962.26,55539,13068,1089
l2m_video_tw,2024-12-30,3140.35,163100,2796,932
l2m_video_tw,2024-12-31,849.41,8277,1513,89
l2m_video_tw,2025-01-01,1328.89,19690,2327,179
l2m_video_tw,2025-01-02,3427.28,147168,6048,2016
l2m_video_tw,2025-01-03,1513.03,29904,336,168
l2m_video_tw,2025-01-04,2581.6,44712,6624,414
l2m_video_tw,2025-01-05,4565.38,269028,17172,1431
l2m_video_tw,2025-01-06,1768.36,206735,19120,1195
l2m_video_tw,2025-01-07,6342.56,41635,10598,757
l2m_video_tw,2025-01-08,3861.34,67056,7920,528
l2m_video_tw,2025-01-09,4035.7,178024,3808,952
l2m_video_tw,2025-01-10,5765.45,276320,13816,1256
l2m_video_tw,2025-01-11,3962.8,52100,7815,521
l2m_video_tw,2025-01-12,5967.22,74942,24038,1414
l2m_video_tw,2025-01-13,3457.65,63550,10075,775
l2m_video_tw,2025-01-14,1625.91,37769,2148,179
l2m_video_tw,2025-01-15,1832.81,40420,3760,235
l2m_video_tw,2025-01-16,4830.24,238429,11053,1579
l2m_video_tw,2025-01-17,3740,66025,7600,475
l2m_video_tw,2025-01-18,2847.39,192511,6364,1591
l2m_video_tw,2025-01-19,1264.51,47197,2165,433
l2m_video_tw,2025-01-20,6866.12,500676,60688,3793
l2m_video_tw,2025-01-21,3297.59,122364,1236,618
l2m_video_tw,2025-01-22,6328.34,151700,14800,1850
l2m_video_tw,2025-01-23,6249.03,194250,22750,1750
l2m_video_tw,2025-01-24,6897.71,90016,4640,928
l2m_video_tw,2025-01-25,2552.94,50622,1716,286
l2m_video_tw,2025-01-26,4545.98,71690,9380,670
l2m_video_tw,2025-01-27,1590.74,47348,4256,266
l2m_video_tw,2025-01-28,6251.86,46789,11203,659
l2m_video_tw,2025-01-29,995.23,18662,4515,301
l2m_video_tw,2025-01-30,6566.09,125700,2514,838
l2m_brand_global,2024-10-01,7255.22,130968,7704,642
l2m_brand_global,2024-10-02,5836.67,135097,45882,2549
l2m_brand_global,2024-10-03,1397.21,32300,850,170
l2m_brand_global,2024-10-04,7027.25,404226,15852,2642
l2m_brand_global,2024-10-05,5889.78,71071,5467,497
l2m_brand_global,2024-10-06,5347.7,164013,4754,2377
l2m_brand_global,2024-10-07,6951.96,146832,1824,912
l2m_brand_global,2024-10-08,4112.38,24480,1632,408
l2m_brand_global,2024-10-09,5758.56,155287,8173,743
l2m_brand_global,2024-10-10,4209.07,333375,28575,1905
l2m_brand_global,2024-10-11,3302.67,35032,8456,604
l2m_brand_global,2024-10-12,5763.88,116754,7018,638
l2m_brand_global,2024-10-13,6344.51,158760,5670,810
l2m_brand_global,2024-10-14,7221.78,75544,18088,1064
l2m_brand_global,2024-10-15,1623.43,77510,6740,674
l2m_brand_global,2024-10-16,5662.82,103385,8004,667
l2m_brand_global,2024-10-17,6795.25,87336,20621,1213
l2m_brand_global,2024-10-18,1624,18088,476,238
l2m_brand_global,2024-10-19,2214.15,14490,828,207
l2m_brand_global,2024-10-20,6047.48,99691,1522,761
l2m_brand_global,2024-10-21,7228.21,228452,25074,1393
l2m_brand_global,2024-10-22,1117.7,5488,1680,112
l2m_brand_global,2024-10-23,3646.16,66300,2380,340
l2m_brand_global,2024-10-24,6710.32,193065,34815,3165
l2m_brand_global,2024-10-25,5596.32,117708,7501,577
l2m_brand_global,2024-10-26,6295.54,82695,8880,555
l2m_brand_global,2024-10-27,4378.67,521084,13430,2686
l2m_brand_global,2024-10-28,3768.71,35535,1380,345
l2m_brand_global,2024-10-29,3502.41,92229,7794,433
l2m_brand_global,2024-10-30,4184,202356,4620,924
l2m_brand_global,2024-10-31,6212.21,51118,15084,838
l2m_brand_global,2024-11-01,6480.87,81120,8580,780
l2m_brand_global,2024-11-02,5283.53,27962,3608,451
l2m_brand_global,2024-11-03,3091.07,21951,1626,271
l2m_brand_global,2024-11-04,5762.49,86710,6670,1334
l2m_brand_global,2024-11-05,3737.23,75294,10998,846
l2m_brand_global,2024-11-06,7232.68,96702,5448,1362
l2m_brand_global,2024-11-07,2338.89,57772,4576,572
l2m_brand_global,2024-11-08,1941.11,30780,2268,162
l2m_brand_global,2024-11-09,2774.7,80465,7315,665
l2m_brand_global,2024-11-10,7479.41,263610,11745,1305
l2m_brand_global,2024-11-11,5522.18,389096,20027,2861
l2m_brand_global,2024-11-12,7226.47,674982,30681,3409
l2m_brand_global,2024-11-13,5444.82,130143,13845,923
l2m_brand_global,2024-11-14,2264.79,25110,3240,270
l2m_brand_global,2024-11-15,5064.85,706494,16130,3226
l2m_brand_global,2024-11-16,1702.78,14800,1000,200
l2m_brand_global,2024-11-17,1380.18,35208,2771,163
l2m_brand_global,2024-11-18,7661.46,499834,40970,4097
l2m_brand_global,2024-11-19,4045.66,61746,3765,753
l2m_brand_global,2024-11-20,4433.59,84864,4992,832
l2m_brand_global,2024-11-21,4844.36,49929,2805,561
l2m_brand_global,2024-11-22,2824.69,30552,8208,456
l2m_brand_global,2024-11-23,1784.08,27072,2016,144
l2m_brand_global,2024-11-24,1583.64,39160,8010,890
l2m_brand_global,2024-11-25,5821.55,48546,3906,558
l2m_brand_global,2024-11-26,4735.52,42625,8525,775
l2m_brand_global,2024-11-27,7236.57,82688,7296,608
l2m_brand_global,2024-11-28,4412.88,69757,11479,883
l2m_brand_global,2024-11-29,1483.95,37538,4110,274
l2m_brand_global,2024-11-30,4269.47,29172,2992,374
l2m_brand_global,2024-12-01,3022.72,81656,4720,472
l2m_brand_global,2024-12-02,6463.34,163215,7371,1053
l2m_brand_global,2024-12-03,1918.17,16059,3333,303
l2m_brand_global,2024-12-04,4865.78,61884,2292,764
l2m_brand_global,2024-12-05,5129.67,79728,5280,528
l2m_brand_global,2024-12-06,4620.3,147018,7557,687
l2m_brand_global,2024-12-07,5865.18,62208,13824,1152
l2m_brand_global,2024-12-08,4369.52,68328,2628,657
l2m_brand_global,2024-12-09,1268.48,48410,3760,235
l2m_brand_global,2024-12-10,3808.61,49588,9016,1127
l2m_brand_global,2024-12-11,7259.28,92448,9630,642
l2m_brand_global,2024-12-12,6678.02,149792,6944,992
l2m_brand_global,2024-12-13,6510.22,75210,7630,545
l2m_brand_global,2024-12-14,2309.47,18480,4320,240
l2m_brand_global,2024-12-15,2353.16,82530,5109,393
l2m_brand_global,2024-12-16,4001.94,51834,1467,489
l2m_brand_global,2024-12-17,7579.48,131150,4270,610
l2m_brand_global,2024-12-18,5898.64,106536,5211,579
l2m_brand_global,2024-12-19,6233.26,195602,13598,1046
l2m_brand_global,2024-12-20,3792.41,153990,13050,870
l2m_brand_global,2024-12-21,4783.96,77854,4690,469
l2m_brand_global,2024-12-22,5251.44,47530,1455,485
l2m_brand_global,2024-12-23,1590.64,39558,3817,347
l2m_brand_global,2024-12-24,5299.89,268147,11547,1283
l2m_brand_global,2024-12-25,998.34,15912,2106,117
l2m_brand_global,2024-12-26,6963.07,106560,8288,592
l2m_brand_global,2024-12-27,6649.55,271458,15081,1371
l2m_brand_global,2024-12-28,2564.47,65934,8140,814
l2m_brand_global,2024-12-29,4927.96,46002,10098,561
l2m_brand_global,2024-12-30,3194.83,44688,3136,392
l2m_brand_global,2024-12-31,3136.38,58102,7524,418
l2m_brand_global,2025-01-01,2058.91,51520,1792,448
l2m_brand_global,2025-01-02,1135.3,66789,4059,369
l2m_brand_global,2025-01-03,2156.79,47112,936,312
l2m_brand_global,2025-01-04,3075.6,57409,2149,307
l2m_brand_global,2025-01-05,1527.27,113316,1064,532
l2m_brand_global,2025-01-06,1516.68,183456,11466,882
l2m_brand_global,2025-01-07,7183.93,184828,11316,1886
l2m_brand_global,2025-01-08,6443.78,230160,14796,1644
l2m_brand_global,2025-01-09,2812.97,60000,2250,375
l2m_brand_global,2025-01-10,4130.17,79695,6930,495
l2m_brand_global,2025-01-11,6793.01,110448,8112,624
l2m_brand_global,2025-01-12,1946.01,205838,9171,1019
l2m_brand_global,2025-01-13,5069.64,81770,6734,481
l2m_brand_global,2025-01-14,4568.72,143964,2511,837
l2m_brand_global,2025-01-15,3669.24,72556,3880,388
l2m_brand_global,2025-01-16,6924.71,180488,15236,1172
l2m_brand_global,2025-01-17,5196.83,218286,8442,1206
l2m_brand_global,2025-01-18,3566.31,344049,18852,1571
l2m_brand_global,2025-01-19,2250.72,14960,2431,187
l2m_brand_global,2025-01-20,1523.04,24528,1512,168
l2m_brand_global,2025-01-21,2259.86,51967,1655,331
l2m_brand_global,2025-01-22,4892.87,99792,22176,1386
l2m_brand_global,2025-01-23,5291.45,45925,6680,835
l2m_brand_global,2025-01-24,6866.59,279885,7940,1985
l2m_brand_global,2025-01-25,3652.39,124593,15705,1047
l2m_brand_global,2025-01-26,7352.12,67230,10530,810
l2m_brand_global,2025-01-27,6541.13,250120,14430,2405
l2m_brand_global,2025-01-28,1737.56,30240,1008,336
l2m_brand_global,2025-01-29,7092.95,457211,34184,4273
l2m_brand_global,2025-01-30,2629.37,99417,8552,1069